,Submission ID,Department,13
0,13-02-c5ef,Canadian Food Inspection Agency,Helpful drop-in sessions
0,13-02-c5ef,Canadian Food Inspection Agency,Ease of logging in/accessing open portal
0,13-02-c5ef,Canadian Food Inspection Agency,Availability of support from service team
1,14-02-95fd,Correctional Service Canada,Availability of support from service team
2,13-02-65fb,Public Safety Canada,Availability of support from service team
2,13-02-65fb,Public Safety Canada,Ease of logging in/accessing open portal
2,13-02-65fb,Public Safety Canada,Easy to use open portal
2,13-02-65fb,Public Safety Canada,Ease of uploading data
2,13-02-65fb,Public Safety Canada,Ease in requesting new service ID/service standard ID
2,13-02-65fb,Public Safety Canada,Helpful drop-in sessions
2,13-02-65fb,Public Safety Canada,Clear instructions
3,28-02-e8b2,Public Services and Procurement Canada,Availability of support from service team
3,28-02-e8b2,Public Services and Procurement Canada,Ease in requesting new service ID/service standard ID
3,28-02-e8b2,Public Services and Procurement Canada,Ease of logging in/accessing open portal
3,28-02-e8b2,Public Services and Procurement Canada,Easy to use service inventory data collection template
3,28-02-e8b2,Public Services and Procurement Canada,Helpful drop-in sessions
4,18-02-5cdb,Veterans Review and Appeal Board,Clear instructions
4,18-02-5cdb,Veterans Review and Appeal Board,Ease of logging in/accessing open portal
4,18-02-5cdb,Veterans Review and Appeal Board,Easy to use service inventory data collection template
4,18-02-5cdb,Veterans Review and Appeal Board,Helpful drop-in sessions
4,18-02-5cdb,Veterans Review and Appeal Board,Easy to use open portal
4,18-02-5cdb,Veterans Review and Appeal Board,Ease of uploading data
5,13-02-ea8d,Financial Transactions and Reports Analysis Centre of Canada,Availability of support from service team
5,13-02-ea8d,Financial Transactions and Reports Analysis Centre of Canada,Helpful drop-in sessions
6,13-02-986d,Military Police Complaints Commission of Canada,Clear instructions
7,19-02-b08b,Shared Services Canada,Availability of support from service team
7,19-02-b08b,Shared Services Canada,Easy to use open portal
7,19-02-b08b,Shared Services Canada,Ease of uploading data
7,19-02-b08b,Shared Services Canada,Ease of logging in/accessing open portal
7,19-02-b08b,Shared Services Canada,Easy to use service inventory data collection template
7,19-02-b08b,Shared Services Canada,Helpful drop-in sessions
8,17-02-215a,The Correctional Investigator Canada,Ease of logging in/accessing open portal
8,17-02-215a,The Correctional Investigator Canada,Easy to use open portal
9,27-02-7506,Canada Energy Regulator,Ease of uploading data
9,27-02-7506,Canada Energy Regulator,Easy to use open portal
9,27-02-7506,Canada Energy Regulator,Ease of logging in/accessing open portal
9,27-02-7506,Canada Energy Regulator,Accurate and helpful data dictionary
9,27-02-7506,Canada Energy Regulator,Easy to use service inventory data collection template
9,27-02-7506,Canada Energy Regulator,Helpful drop-in sessions
10,13-02-9b76,Canada Revenue Agency,Ease of uploading data
10,13-02-9b76,Canada Revenue Agency,Easy to use open portal
10,13-02-9b76,Canada Revenue Agency,Ease of logging in/accessing open portal
11,27-02-5c8d,Canadian Centre for Occupational Health and Safety,Ease of logging in/accessing open portal
11,27-02-5c8d,Canadian Centre for Occupational Health and Safety,Easy to use open portal
11,27-02-5c8d,Canadian Centre for Occupational Health and Safety,Ease of uploading data
11,27-02-5c8d,Canadian Centre for Occupational Health and Safety,Ease in requesting new service ID/service standard ID
11,27-02-5c8d,Canadian Centre for Occupational Health and Safety,Helpful drop-in sessions
12,27-02-0bbf,Canadian Human Rights Commission,Availability of support from service team
12,27-02-0bbf,Canadian Human Rights Commission,Helpful drop-in sessions
13,14-02-b38c,Copyright Board Canada,Ease of logging in/accessing open portal
13,14-02-b38c,Copyright Board Canada,Easy to use open portal
13,14-02-b38c,Copyright Board Canada,Ease of uploading data
13,14-02-b38c,Copyright Board Canada,Easy to use service inventory data collection template
14,26-02-c60d,Correctional Service Canada,Helpful drop-in sessions
14,26-02-c60d,Correctional Service Canada,Availability of support from service team
14,26-02-c60d,Correctional Service Canada,Ease of logging in/accessing open portal
14,26-02-c60d,Correctional Service Canada,Easy to use open portal
15,14-02-b7da,Développement économique Canada pour les régions du Québec,Availability of support from service team
15,14-02-b7da,Développement économique Canada pour les régions du Québec,Ease of logging in/accessing open portal
15,14-02-b7da,Développement économique Canada pour les régions du Québec,Helpful drop-in sessions
16,13-02-2c99,Health Canada,Helpful drop-in sessions
17,20-02-4a01,Library and Archives Canada,Availability of support from service team
17,20-02-4a01,Library and Archives Canada,Ease of logging in/accessing open portal
17,20-02-4a01,Library and Archives Canada,Ease in requesting new service ID/service standard ID
18,28-02-2e59,Privy Council Office,Availability of support from service team
18,28-02-2e59,Privy Council Office,Ease of logging in/accessing open portal
18,28-02-2e59,Privy Council Office,Easy to use open portal
18,28-02-2e59,Privy Council Office,Ease of uploading data
19,14-02-e570,Public Safety Canada,Availability of support from service team
20,18-02-3995,Public Service Commission of Canada,-
21,13-02-34d0,Public Services and Procurement Canada,Availability of support from service team
21,13-02-34d0,Public Services and Procurement Canada,Ease of logging in/accessing open portal
21,13-02-34d0,Public Services and Procurement Canada,Easy to use open portal
21,13-02-34d0,Public Services and Procurement Canada,Ease of uploading data
21,13-02-34d0,Public Services and Procurement Canada,Ease in requesting new service ID/service standard ID
21,13-02-34d0,Public Services and Procurement Canada,Accurate and helpful data dictionary
21,13-02-34d0,Public Services and Procurement Canada,Helpful drop-in sessions
22,21-02-f905,Public Services and Procurement Canada,Clear instructions
22,21-02-f905,Public Services and Procurement Canada,Availability of support from service team
22,21-02-f905,Public Services and Procurement Canada,Ease of logging in/accessing open portal
22,21-02-f905,Public Services and Procurement Canada,Easy to use open portal
22,21-02-f905,Public Services and Procurement Canada,Ease of uploading data
22,21-02-f905,Public Services and Procurement Canada,Ease in requesting new service ID/service standard ID
22,21-02-f905,Public Services and Procurement Canada,Helpful drop-in sessions
22,21-02-f905,Public Services and Procurement Canada,Accurate and helpful data dictionary
22,21-02-f905,Public Services and Procurement Canada,Easy to use service inventory data collection template
23,27-02-1977,Social Sciences and Humanities Research Council,Accurate and helpful data dictionary
23,27-02-1977,Social Sciences and Humanities Research Council,Helpful drop-in sessions
24,26-02-8def,Canadian Heritage,Other
25,28-02-697a,Immigration and Refugee Board of Canada,Availability of support from service team
25,28-02-697a,Immigration and Refugee Board of Canada,Ease of logging in/accessing open portal
25,28-02-697a,Immigration and Refugee Board of Canada,Easy to use open portal
25,28-02-697a,Immigration and Refugee Board of Canada,Ease of uploading data
25,28-02-697a,Immigration and Refugee Board of Canada,Accurate and helpful data dictionary
25,28-02-697a,Immigration and Refugee Board of Canada,Easy to use service inventory data collection template
26,27-02-bc16,Impact Assessment Agency of Canada,Availability of support from service team
26,27-02-bc16,Impact Assessment Agency of Canada,Ease of uploading data
26,27-02-bc16,Impact Assessment Agency of Canada,Helpful drop-in sessions
27,27-02-9ec2,Impact Assessment Agency of Canada,Availability of support from service team
27,27-02-9ec2,Impact Assessment Agency of Canada,Ease of logging in/accessing open portal
27,27-02-9ec2,Impact Assessment Agency of Canada,Easy to use open portal
28,13-02-73f5,Office of the Superintendent of Financial Institutions,Clear instructions
28,13-02-73f5,Office of the Superintendent of Financial Institutions,Availability of support from service team
28,13-02-73f5,Office of the Superintendent of Financial Institutions,Ease of logging in/accessing open portal
28,13-02-73f5,Office of the Superintendent of Financial Institutions,Helpful drop-in sessions
28,13-02-73f5,Office of the Superintendent of Financial Institutions,Easy to use service inventory data collection template
28,13-02-73f5,Office of the Superintendent of Financial Institutions,Accurate and helpful data dictionary
29,13-02-936c,Patented Medicine Prices Review Board Canada,Ease of uploading data
29,13-02-936c,Patented Medicine Prices Review Board Canada,Easy to use service inventory data collection template
29,13-02-936c,Patented Medicine Prices Review Board Canada,Helpful drop-in sessions
30,13-02-b79e,Public Service Commission of Canada,Ease in requesting new service ID/service standard ID
31,18-02-d3f7,Royal Canadian Mounted Police,Availability of support from service team
31,18-02-d3f7,Royal Canadian Mounted Police,Helpful drop-in sessions
31,18-02-d3f7,Royal Canadian Mounted Police,Ease of logging in/accessing open portal
31,18-02-d3f7,Royal Canadian Mounted Police,Ease in requesting new service ID/service standard ID
31,18-02-d3f7,Royal Canadian Mounted Police,Accurate and helpful data dictionary
32,18-02-12d0,Royal Canadian Mounted Police,Helpful drop-in sessions
32,18-02-12d0,Royal Canadian Mounted Police,Easy to use service inventory data collection template
33,18-02-08da,Canada Border Services Agency,Clear instructions
33,18-02-08da,Canada Border Services Agency,Availability of support from service team
33,18-02-08da,Canada Border Services Agency,Ease of logging in/accessing open portal
33,18-02-08da,Canada Border Services Agency,Easy to use open portal
33,18-02-08da,Canada Border Services Agency,Ease of uploading data
33,18-02-08da,Canada Border Services Agency,Ease in requesting new service ID/service standard ID
33,18-02-08da,Canada Border Services Agency,Accurate and helpful data dictionary
33,18-02-08da,Canada Border Services Agency,Easy to use service inventory data collection template
33,18-02-08da,Canada Border Services Agency,Helpful drop-in sessions
34,14-02-6aba,Canada Revenue Agency,Easy to use open portal
34,14-02-6aba,Canada Revenue Agency,Helpful drop-in sessions
35,13-02-8e40,Canadian Grain Commission,Availability of support from service team
35,13-02-8e40,Canadian Grain Commission,Helpful drop-in sessions
35,13-02-8e40,Canadian Grain Commission,Ease of uploading data
36,18-02-5ec9,Canadian Northern Economic Development Agency,Availability of support from service team
36,18-02-5ec9,Canadian Northern Economic Development Agency,Clear instructions
36,18-02-5ec9,Canadian Northern Economic Development Agency,Easy to use open portal
36,18-02-5ec9,Canadian Northern Economic Development Agency,Ease of uploading data
36,18-02-5ec9,Canadian Northern Economic Development Agency,Accurate and helpful data dictionary
36,18-02-5ec9,Canadian Northern Economic Development Agency,Easy to use service inventory data collection template
36,18-02-5ec9,Canadian Northern Economic Development Agency,Other
37,21-02-9186,Canadian Transportation Agency,Not applicable
38,13-02-8f00,Correctional Service Canada,Ease of logging in/accessing open portal
38,13-02-8f00,Correctional Service Canada,Ease of uploading data
38,13-02-8f00,Correctional Service Canada,Helpful drop-in sessions
39,13-02-7f32,ESDC,Not applicable
40,13-02-3056,Public Services and Procurement Canada,Accurate and helpful data dictionary
40,13-02-3056,Public Services and Procurement Canada,Ease of logging in/accessing open portal
41,14-02-54e6,Canadian Intergovernmental Conference Secretariat,Ease of uploading data
41,14-02-54e6,Canadian Intergovernmental Conference Secretariat,Accurate and helpful data dictionary
41,14-02-54e6,Canadian Intergovernmental Conference Secretariat,Easy to use service inventory data collection template
42,27-02-49f7,Federal Economic Development Agency for Northern Ontario,Availability of support from service team
42,27-02-49f7,Federal Economic Development Agency for Northern Ontario,Ease of logging in/accessing open portal
42,27-02-49f7,Federal Economic Development Agency for Northern Ontario,Easy to use open portal
42,27-02-49f7,Federal Economic Development Agency for Northern Ontario,Ease of uploading data
42,27-02-49f7,Federal Economic Development Agency for Northern Ontario,Easy to use service inventory data collection template
42,27-02-49f7,Federal Economic Development Agency for Northern Ontario,Helpful drop-in sessions
43,27-02-c578,Women and Gender Equality Canada,Clear instructions
43,27-02-c578,Women and Gender Equality Canada,Availability of support from service team
43,27-02-c578,Women and Gender Equality Canada,Ease of logging in/accessing open portal
43,27-02-c578,Women and Gender Equality Canada,Easy to use open portal
43,27-02-c578,Women and Gender Equality Canada,Ease of uploading data
43,27-02-c578,Women and Gender Equality Canada,Accurate and helpful data dictionary
43,27-02-c578,Women and Gender Equality Canada,Easy to use service inventory data collection template
43,27-02-c578,Women and Gender Equality Canada,Helpful drop-in sessions
44,17-02-fa8a,Canadian Nuclear Safety Commission,Ease of logging in/accessing open portal
44,17-02-fa8a,Canadian Nuclear Safety Commission,Easy to use open portal
44,17-02-fa8a,Canadian Nuclear Safety Commission,Helpful drop-in sessions
45,27-02-45a9,"Immigration, Refugees and Citizenship Canada",Clear instructions
45,27-02-45a9,"Immigration, Refugees and Citizenship Canada",Availability of support from service team
45,27-02-45a9,"Immigration, Refugees and Citizenship Canada",Ease of logging in/accessing open portal
45,27-02-45a9,"Immigration, Refugees and Citizenship Canada",Easy to use open portal
45,27-02-45a9,"Immigration, Refugees and Citizenship Canada",Ease in requesting new service ID/service standard ID
45,27-02-45a9,"Immigration, Refugees and Citizenship Canada",Accurate and helpful data dictionary
45,27-02-45a9,"Immigration, Refugees and Citizenship Canada",Easy to use service inventory data collection template
46,18-02-e1a4,Les Commissariats à l’information et à la protection de la vie privée du Canada,Availability of support from service team
46,18-02-e1a4,Les Commissariats à l’information et à la protection de la vie privée du Canada,Helpful drop-in sessions
47,24-02-77a8,National Research Council Canada,Not applicable
47,24-02-77a8,National Research Council Canada,Other
48,13-02-c5a3,Polar Knowledge Canada,Clear instructions
48,13-02-c5a3,Polar Knowledge Canada,Availability of support from service team
48,13-02-c5a3,Polar Knowledge Canada,Ease of logging in/accessing open portal
48,13-02-c5a3,Polar Knowledge Canada,Easy to use open portal
48,13-02-c5a3,Polar Knowledge Canada,Ease of uploading data
48,13-02-c5a3,Polar Knowledge Canada,Ease in requesting new service ID/service standard ID
48,13-02-c5a3,Polar Knowledge Canada,Helpful drop-in sessions
48,13-02-c5a3,Polar Knowledge Canada,Easy to use service inventory data collection template
49,27-02-57b8,Canada Energy Regulator,Clear instructions
49,27-02-57b8,Canada Energy Regulator,Availability of support from service team
49,27-02-57b8,Canada Energy Regulator,Accurate and helpful data dictionary
49,27-02-57b8,Canada Energy Regulator,Easy to use service inventory data collection template
49,27-02-57b8,Canada Energy Regulator,Helpful drop-in sessions
50,28-02-5d61,Canadian Human Rights Commission,Clear instructions
50,28-02-5d61,Canadian Human Rights Commission,Availability of support from service team
50,28-02-5d61,Canadian Human Rights Commission,Ease of logging in/accessing open portal
50,28-02-5d61,Canadian Human Rights Commission,Easy to use open portal
50,28-02-5d61,Canadian Human Rights Commission,Ease of uploading data
50,28-02-5d61,Canadian Human Rights Commission,Ease in requesting new service ID/service standard ID
50,28-02-5d61,Canadian Human Rights Commission,Accurate and helpful data dictionary
50,28-02-5d61,Canadian Human Rights Commission,Easy to use service inventory data collection template
50,28-02-5d61,Canadian Human Rights Commission,Helpful drop-in sessions
51,27-02-8dbd,Department of Finance Canada,Availability of support from service team
51,27-02-8dbd,Department of Finance Canada,Ease of logging in/accessing open portal
51,27-02-8dbd,Department of Finance Canada,Easy to use open portal
51,27-02-8dbd,Department of Finance Canada,Ease of uploading data
51,27-02-8dbd,Department of Finance Canada,Accurate and helpful data dictionary
51,27-02-8dbd,Department of Finance Canada,Helpful drop-in sessions
52,18-02-74d1,Employment and Social Development Canada,Ease in requesting new service ID/service standard ID
52,18-02-74d1,Employment and Social Development Canada,Helpful drop-in sessions
53,13-02-b56d,Global Affairs Canada,Availability of support from service team
53,13-02-b56d,Global Affairs Canada,Clear instructions
53,13-02-b56d,Global Affairs Canada,Ease of uploading data
54,19-02-50ec,Indigenous Services Canada,Availability of support from service team
54,19-02-50ec,Indigenous Services Canada,Ease of logging in/accessing open portal
54,19-02-50ec,Indigenous Services Canada,Easy to use open portal
54,19-02-50ec,Indigenous Services Canada,Ease of uploading data
54,19-02-50ec,Indigenous Services Canada,Ease in requesting new service ID/service standard ID
54,19-02-50ec,Indigenous Services Canada,Clear instructions
54,19-02-50ec,Indigenous Services Canada,Accurate and helpful data dictionary
54,19-02-50ec,Indigenous Services Canada,Easy to use service inventory data collection template
54,19-02-50ec,Indigenous Services Canada,Helpful drop-in sessions
55,24-02-6494,National Research Council Canada,Not applicable
56,28-02-1dec,Veterans Affairs Canada,Availability of support from service team
56,28-02-1dec,Veterans Affairs Canada,Easy to use open portal
56,28-02-1dec,Veterans Affairs Canada,Ease of uploading data
56,28-02-1dec,Veterans Affairs Canada,Helpful drop-in sessions
57,24-02-a891,Canadian Food Inspection Agency,Ease of logging in/accessing open portal
57,24-02-a891,Canadian Food Inspection Agency,Easy to use open portal
57,24-02-a891,Canadian Food Inspection Agency,Ease of uploading data
57,24-02-a891,Canadian Food Inspection Agency,Availability of support from service team
58,28-02-4c97,Civilian Review and Complaints Commission for the RCMP,Ease of logging in/accessing open portal
58,28-02-4c97,Civilian Review and Complaints Commission for the RCMP,Availability of support from service team
58,28-02-4c97,Civilian Review and Complaints Commission for the RCMP,Ease of uploading data
58,28-02-4c97,Civilian Review and Complaints Commission for the RCMP,Easy to use service inventory data collection template
58,28-02-4c97,Civilian Review and Complaints Commission for the RCMP,Helpful drop-in sessions
59,14-02-6625,Department of Justice Canada,Availability of support from service team
59,14-02-6625,Department of Justice Canada,Easy to use open portal
59,14-02-6625,Department of Justice Canada,Ease of uploading data
59,14-02-6625,Department of Justice Canada,Ease in requesting new service ID/service standard ID
59,14-02-6625,Department of Justice Canada,Helpful drop-in sessions
60,24-02-5116,Federal Economic Development Agency for Southern Ontario,Clear instructions
60,24-02-5116,Federal Economic Development Agency for Southern Ontario,Availability of support from service team
60,24-02-5116,Federal Economic Development Agency for Southern Ontario,Ease of uploading data
61,20-02-f937,Public Services and Procurement Canada,Helpful drop-in sessions
61,20-02-f937,Public Services and Procurement Canada,Availability of support from service team
62,13-02-ba86,Statistics Canada,Ease of logging in/accessing open portal
62,13-02-ba86,Statistics Canada,Easy to use open portal
62,13-02-ba86,Statistics Canada,Ease of uploading data
62,13-02-ba86,Statistics Canada,Accurate and helpful data dictionary
62,13-02-ba86,Statistics Canada,Easy to use service inventory data collection template
63,13-02-d6e6,Agence spatiale canadienne,Availability of support from service team
63,13-02-d6e6,Agence spatiale canadienne,Ease in requesting new service ID/service standard ID
63,13-02-d6e6,Agence spatiale canadienne,Helpful drop-in sessions
64,14-02-4983,Agriculture and Agri Food Canada,Availability of support from service team
64,14-02-4983,Agriculture and Agri Food Canada,Ease of uploading data
64,14-02-4983,Agriculture and Agri Food Canada,Accurate and helpful data dictionary
64,14-02-4983,Agriculture and Agri Food Canada,Easy to use service inventory data collection template
64,14-02-4983,Agriculture and Agri Food Canada,Helpful drop-in sessions
65,13-02-0e28,Courts Administration Service,Ease of logging in/accessing open portal
65,13-02-0e28,Courts Administration Service,Easy to use open portal
65,13-02-0e28,Courts Administration Service,Ease of uploading data
65,13-02-0e28,Courts Administration Service,Ease in requesting new service ID/service standard ID
65,13-02-0e28,Courts Administration Service,Accurate and helpful data dictionary
65,13-02-0e28,Courts Administration Service,Easy to use service inventory data collection template
65,13-02-0e28,Courts Administration Service,Helpful drop-in sessions
66,28-02-ac30,"Immigration, Refugees and Citizenship Canada",-
67,27-02-ab86,Impact Assessment Agency of Canada,Ease of uploading data
68,25-02-ed55,Infrastructure Canada,Availability of support from service team
68,25-02-ed55,Infrastructure Canada,Ease of logging in/accessing open portal
68,25-02-ed55,Infrastructure Canada,Accurate and helpful data dictionary
68,25-02-ed55,Infrastructure Canada,Helpful drop-in sessions
69,27-02-7b2d,Infrastructure Canada,Availability of support from service team
69,27-02-7b2d,Infrastructure Canada,Easy to use service inventory data collection template
69,27-02-7b2d,Infrastructure Canada,Clear instructions
70,13-02-b85f,Natural Sciences and Engineering Research Council of Canada,Ease of uploading data
70,13-02-b85f,Natural Sciences and Engineering Research Council of Canada,Accurate and helpful data dictionary
70,13-02-b85f,Natural Sciences and Engineering Research Council of Canada,Easy to use service inventory data collection template
70,13-02-b85f,Natural Sciences and Engineering Research Council of Canada,Availability of support from service team
70,13-02-b85f,Natural Sciences and Engineering Research Council of Canada,Easy to use open portal
70,13-02-b85f,Natural Sciences and Engineering Research Council of Canada,Ease of logging in/accessing open portal
70,13-02-b85f,Natural Sciences and Engineering Research Council of Canada,Helpful drop-in sessions
71,13-02-4c98,Public Safety Canada,Not applicable
72,27-02-75bf,Women and Gender Equality Canada,Clear instructions
72,27-02-75bf,Women and Gender Equality Canada,Availability of support from service team
72,27-02-75bf,Women and Gender Equality Canada,Ease of logging in/accessing open portal
72,27-02-75bf,Women and Gender Equality Canada,Easy to use open portal
72,27-02-75bf,Women and Gender Equality Canada,Ease of uploading data
72,27-02-75bf,Women and Gender Equality Canada,Accurate and helpful data dictionary
72,27-02-75bf,Women and Gender Equality Canada,Easy to use service inventory data collection template
72,27-02-75bf,Women and Gender Equality Canada,Helpful drop-in sessions
