Submission ID / Identifiant de soumission,Date of submission / Date de soumission,Department,"Role
","Estimated FTEs Involved
","Estimated Time Spent
","Estimated Time to Secure DM Approval
","6.a. Have you previously completed the Service Inventory reporting process? 
","7 The most recent Service Inventory process (November 2024) required less time and effort than the 2023 process. 
","8 What resources did you use to understand the process? (check all that apply)
","9. Respond to this statement: If I had a question or a problem while working on the inventory, I was able to find the resources or help I needed to resolve it.    
","10. How would you rate your experience using the Service Inventory data collection Excel reporting template? 
","11. How would you rate your experience contacting the Service Policy generic inbox?
","12. How would you rate your experience attending the Service Policy-led drop-in sessions? 
","13 What about the process worked well? (check all that apply)
"," If you checked other, describe what worked well:
","14. What about the process could have been better? 
"," If you checked other, describe what could have been better:
","15. Is there anything else you’d like to share? 
"
13-02-c5ef,2025-02-13T18:41:29.739Z,Canadian Food Inspection Agency,Data analyst,2–5,Over 60 hours,3-4 weeks,Yes,Strongly disagree,"Drop-in sessions,Integrated Call Letter,GC Service Community GCXchange page,Policy on Service and Digital and related instruments,Service Policy generic inbox,Data dictionary on Open Government registry ,Open Government registry operations guides,Talking to colleagues who had worked on the process before,Other resource",Somewhat agree,Poor,Good,Good,"Helpful drop-in sessions,Ease of logging in/accessing open portal,Availability of support from service team",-,"Challenges using portal,Unclear definitions,Difficulty understanding data requirements,Challenges with requesting new Service ID/service standard ID,Unable to attend drop in sessions,Issues with the service inventory data collection template,Not applicable",-,"With our department having approximately 130 individual services, this new process has been extremely time-consuming, taxing, and frustrating.  The template is very finicky and required many additional hours for data entry as we could not simply copy and paste from previous or existing in-house workbooks. The process for requesting new SIDs and STIDs was laborious and frustrating, certainly not easy or accurate.  We also spent many additional hours correcting system-generated errors when it issued (sometimes repeatedly) false or duplicate SIDs or STDs. This new process has also caused a rift in collaboration between the Service and Security divisions within our department who now must work separately to complete similar work related to critical services and the Service Inventory.  In discussions with our Security counterparts, their side of the service inventory work (critical services) lacks support and clear direction -- our colleagues leaned heavily on our Service team to provide guidance and training on how to use GCEPM (formerly used for Service Inventory as Clarity) as they felt they did not receive adequate training or direction from TBS Security section. This has added additional stress to our Service workload that should be innovative instead of regressive in both process and reporting tools. The messaging and direction to our two divisions varied and caused a lot of confusion within the department. The Clarity tool and former reporting process is favoured by our team in comparison to the most recent year's."
14-02-95fd,2025-02-14T13:09:13.839Z,Correctional Service Canada,Data analyst,1,5-10 hours,1-2 weeks,No,-,"Integrated Call Letter,GC Service Community GCXchange page,Talking to colleagues who had worked on the process before",Somewhat disagree,Fair,Not applicable/did not contact the inbox,Did not attend,Availability of support from service team,-,"Difficulty understanding data requirements,Unable to attend drop in sessions",-,-
13-02-65fb,2025-02-13T18:28:46.492Z,Public Safety Canada,Data analyst,50+,Over 60 hours,More than 4 weeks ,Yes,Strongly agree,"Integrated Call Letter,Drop-in sessions,GC Service Community GCXchange page,Policy on Service and Digital and related instruments,Service Policy generic inbox,Data dictionary on Open Government registry ,Open Government registry operations guides",Strongly agree,Neutral,Excellent,Excellent,"Availability of support from service team,Ease of logging in/accessing open portal,Easy to use open portal,Ease of uploading data,Ease in requesting new service ID/service standard ID,Helpful drop-in sessions,Clear instructions",-,Issues with the service inventory data collection template,-,"This year was the best for availability from the service team, including quick email responses, replies to GCxchange messages, and clear answers from the drop in sessions. I have been the lead for 4 years now and this year was by far the best in customer service and having clear instructions."
28-02-e8b2,2025-02-28T13:47:17.546Z,Public Services and Procurement Canada,Data analyst,21–50,41-60 hours,1-2 weeks,Yes,Somewhat disagree,"Integrated Call Letter,Drop-in sessions,GC Service Community GCXchange page,Policy on Service and Digital and related instruments,Service Policy generic inbox,Data dictionary on Open Government registry ,Open Government registry operations guides",Strongly agree,Good,Good,Good,"Availability of support from service team,Ease in requesting new service ID/service standard ID,Ease of logging in/accessing open portal,Easy to use service inventory data collection template,Helpful drop-in sessions",-,"Challenges using portal,Difficulty understanding data requirements",-,"I like the changes but it all happened at once and also the data crossing and the fixes required several contacts with the branches and not all people were inclined to provide information in the allowed period so we couldn't provide a whole and fixed information because of the deadlines. Having more time to prepare and to provide feedback in the requests is important for both sides, but i understand this was the first year and the start in the new process, so it is all undesttandable."
18-02-5cdb,2025-02-18T14:09:58.261Z,Veterans Review and Appeal Board,Data analyst,2–5,21-40 hours,Less than one week,Yes,Neutral,"Integrated Call Letter,Drop-in sessions,GC Service Community GCXchange page,Policy on Service and Digital and related instruments,Data dictionary on Open Government registry ",Somewhat agree,Good,Not applicable/did not contact the inbox,Good,"Clear instructions,Ease of logging in/accessing open portal,Easy to use service inventory data collection template,Helpful drop-in sessions,Easy to use open portal,Ease of uploading data",-,Unable to attend drop in sessions,-,-
13-02-ea8d,2025-02-13T19:39:58.673Z,Financial Transactions and Reports Analysis Centre of Canada,IT analyst,2–5,11–20 hours,1-2 weeks,Yes,Neutral,"Integrated Call Letter,Drop-in sessions,GC Service Community GCXchange page,Policy on Service and Digital and related instruments,Service Policy generic inbox,Open Government registry operations guides",Somewhat agree,Neutral,Excellent,Good,"Availability of support from service team,Helpful drop-in sessions",-,"Difficulty understanding data requirements,Unclear definitions,Challenges using portal",-,-
13-02-986d,2025-02-13T20:05:08.507Z,Military Police Complaints Commission of Canada,IT analyst,2–5,Not sure,Not sure,I don't recall,-,"Not applicable/did not use any resources,Policy on Service and Digital and related instruments",Somewhat agree,Good,Good,Did not attend,Clear instructions,-,Unable to attend drop in sessions,-,-
19-02-b08b,2025-02-19T16:31:22.857Z,Shared Services Canada,IT analyst,21–50,Over 60 hours,More than 4 weeks ,Yes,Neutral,"Integrated Call Letter,Drop-in sessions,GC Service Community GCXchange page,Policy on Service and Digital and related instruments,Service Policy generic inbox,Data dictionary on Open Government registry ,Talking to colleagues who had worked on the process before",Somewhat agree,Good,Good,Excellent,"Availability of support from service team,Easy to use open portal,Ease of uploading data,Ease of logging in/accessing open portal,Easy to use service inventory data collection template,Helpful drop-in sessions",-,"Unclear definitions,Difficulty understanding data requirements,Tight timelines",-,More help was needed when defining what a service means in the context of the department as SSC's clients are other government departments and not citizens. Not all services offered by SSC could be considered directly orderable or consumable. Clearer instructions when reporting service standards (or lack of data) ahead of time would have been helpful.
17-02-215a,2025-02-17T13:04:52.778Z,The Correctional Investigator Canada,IT analyst,2–5,5-10 hours,Less than one week,Yes,Neutral,"Policy on Service and Digital and related instruments,Open Government registry operations guides,Talking to colleagues who had worked on the process before",Neutral,Fair,Good,Did not attend,"Ease of logging in/accessing open portal,Easy to use open portal",-,"Difficulty understanding data requirements,Unclear definitions,Issues with the service inventory data collection template",-,"The Excel template is not easy to use and instructions were sparse.  I recommend using an online portal to capture information rather than trying to fit our requirements into an Excel spreadsheet. Also, macros are disabled in our organization, so it was challenging for us to use the spreadsheet."
27-02-7506,2025-02-27T20:29:14.319Z,Canada Energy Regulator,Other ,2–5,11–20 hours,1-2 weeks,Yes,Somewhat agree,"Drop-in sessions,GC Service Community GCXchange page,Integrated Call Letter,Data dictionary on Open Government registry ",Somewhat agree,Good,Good,Good,"Ease of uploading data,Easy to use open portal,Ease of logging in/accessing open portal,Accurate and helpful data dictionary,Easy to use service inventory data collection template,Helpful drop-in sessions",-,"Difficulty understanding data requirements,Other",Two issues identified (minor) after submission in the portal. ,-
13-02-9b76,2025-02-13T19:06:55.765Z,Canada Revenue Agency,Other ,50+,41-60 hours,2-3 weeks,I don't recall,-,"Integrated Call Letter,Service Policy generic inbox,Drop-in sessions,Policy on Service and Digital and related instruments",Neutral,Neutral,Fair,Neutral,"Ease of uploading data,Easy to use open portal,Ease of logging in/accessing open portal",-,"Challenges with requesting new Service ID/service standard ID,Tight timelines,Difficulty understanding data requirements",-,-
27-02-5c8d,2025-02-27T20:53:08.547Z,Canadian Centre for Occupational Health and Safety,Other ,2–5,11–20 hours,Less than one week,Yes,Somewhat agree,"Integrated Call Letter,Drop-in sessions,GC Service Community GCXchange page",Somewhat agree,Good,Not applicable/did not contact the inbox,Excellent,"Ease of logging in/accessing open portal,Easy to use open portal,Ease of uploading data,Ease in requesting new service ID/service standard ID,Helpful drop-in sessions",-,Other,"some parts of the instructions were unclear, such as the need to email deputy head approval",-
27-02-0bbf,2025-02-27T16:51:33.480Z,Canadian Human Rights Commission,Other ,11–20,21-40 hours,2-3 weeks,No,-,"Integrated Call Letter,Drop-in sessions,GC Service Community GCXchange page,Talking to colleagues who had worked on the process before",Neutral,Excellent,Excellent,Excellent,"Availability of support from service team,Helpful drop-in sessions",-,Tight timelines,-,-
14-02-b38c,2025-02-14T12:46:15.236Z,Copyright Board Canada,Other ,2–5,5-10 hours,Less than one week,No,-,"Integrated Call Letter,GC Service Community GCXchange page,Policy on Service and Digital and related instruments",Somewhat agree,Excellent,Not applicable/did not contact the inbox,Did not attend,"Ease of logging in/accessing open portal,Easy to use open portal,Ease of uploading data,Easy to use service inventory data collection template",-,Not applicable,-,-
26-02-c60d,2025-02-26T16:19:38.608Z,Correctional Service Canada,Other ,21–50,Over 60 hours,More than 4 weeks ,No,-,"Integrated Call Letter,Drop-in sessions,GC Service Community GCXchange page,Policy on Service and Digital and related instruments,Service Policy generic inbox,Data dictionary on Open Government registry ,Open Government registry operations guides,Talking to colleagues who had worked on the process before,Other resource",Somewhat agree,Fair,Fair,Good,"Helpful drop-in sessions,Availability of support from service team,Ease of logging in/accessing open portal,Easy to use open portal",-,"Unclear definitions,Difficulty understanding data requirements,Issues with the service inventory data collection template,Tight timelines,Other",-,I'd like to enhance the communication with TBS for guidance and clarifications.
14-02-b7da,2025-02-14T20:11:09.008Z,Développement économique Canada pour les régions du Québec,Other ,6–10,Over 60 hours,1-2 weeks,Oui,Neutral,"Lettre d'appel intégrée,Séances d'information,Page GCÉchange de la communauté de service du GC",Somewhat disagree,Good,Excellent,Excellent,"Availability of support from service team,Ease of logging in/accessing open portal,Helpful drop-in sessions",-,"Challenges using portal,Issues with the service inventory data collection template,Tight timelines",-,Gregory et Francesca ont toujours répondu rapidement à mes questions. Gregory a été disponible pour des rencontres individuelles pour m'aider à trouver les informations recherchées et me soutenir dans la génération des codes de programme. Un grand merci de votre soutien.
13-02-2c99,2025-02-13T18:38:06.197Z,Health Canada,Other ,21–50,Not sure,3-4 weeks,Yes,Somewhat disagree,"Integrated Call Letter,Drop-in sessions,Data dictionary on Open Government registry ",Somewhat disagree,Neutral,Good,Good,Helpful drop-in sessions,-,"Challenges with requesting new Service ID/service standard ID,Issues with the service inventory data collection template,Tight timelines,Difficulty understanding data requirements",-,-
20-02-4a01,2025-02-20T19:54:28.961Z,Library and Archives Canada,Other ,1,21-40 hours,2-3 weeks,No,-,"GC Service Community GCXchange page,Policy on Service and Digital and related instruments,Service Policy generic inbox",Neutral,Good,Good,Did not attend,"Availability of support from service team,Ease of logging in/accessing open portal,Ease in requesting new service ID/service standard ID",-,"Difficulty understanding data requirements,Unclear definitions,Challenges using portal",-,-
28-02-2e59,2025-02-28T21:51:24.243Z,Privy Council Office,Other ,11–20,41-60 hours,More than 4 weeks ,Yes,Strongly disagree,"Drop-in sessions,Talking to colleagues who had worked on the process before,Service Policy generic inbox,Data dictionary on Open Government registry ,Integrated Call Letter,GC Service Community GCXchange page",Strongly disagree,Neutral,Neutral,Fair,"Availability of support from service team,Ease of logging in/accessing open portal,Easy to use open portal,Ease of uploading data",-,"Difficulty understanding data requirements,Unclear definitions,Issues with the service inventory data collection template,Tight timelines",-,"Reporting of errors was very challenging. We were told we had critical errors, but then did not. This can create a lot of problems up the reporting chain. Definitions are unclear. Should have more clearly indicated the relationship between program codes and departments. In the Excel spreadsheet, it’s just one long list, so if you were unaware, you wouldn’t know that the codes are department-specific. For example, we associated the code BY103 (Public Education and Information) with our Public Enquiries service, but it turned out that the code is specific to the Office of the Chief Electoral Officer. While their website makes this clear, it’s not as evident in the definitions section of the Excel spreadsheet."
14-02-e570,2025-02-14T13:55:29.556Z,Public Safety Canada,Other ,2–5,11–20 hours,1-2 weeks,No,-,"Integrated Call Letter,Drop-in sessions,GC Service Community GCXchange page,Policy on Service and Digital and related instruments,Service Policy generic inbox,Other resource",Strongly agree,Good,Good,Good,Availability of support from service team,-,Not applicable,-,-
18-02-3995,2025-02-18T16:01:18.945Z,Public Service Commission of Canada,Other ,21–50,Over 60 hours,2-3 weeks,Yes,Somewhat disagree,"Integrated Call Letter,Drop-in sessions,GC Service Community GCXchange page,Policy on Service and Digital and related instruments,Service Policy generic inbox,Open Government registry operations guides,Talking to colleagues who had worked on the process before,Other resource",Strongly disagree,Poor,Poor,Poor,-,-,"Unclear definitions,Challenges accessing portal,Challenges using portal,Challenges with requesting new Service ID/service standard ID,Issues with the service inventory data collection template,Tight timelines",-,"The fact that the service inventory team (besides Gregory Erikson, he has exceptional client service) point people to GC Connex, or links, or whatever rather than answering questions is  a constant irritant, year over year. It's quite terrible. "
13-02-34d0,2025-02-13T19:53:28.152Z,Public Services and Procurement Canada,Other ,50+,Over 60 hours,2-3 weeks,Yes,Somewhat disagree,"Integrated Call Letter,Drop-in sessions,GC Service Community GCXchange page,Policy on Service and Digital and related instruments,Service Policy generic inbox,Data dictionary on Open Government registry ,Open Government registry operations guides,Talking to colleagues who had worked on the process before",Somewhat agree,Fair,Good,Good,"Availability of support from service team,Ease of logging in/accessing open portal,Easy to use open portal,Ease of uploading data,Ease in requesting new service ID/service standard ID,Accurate and helpful data dictionary,Helpful drop-in sessions",-,"Difficulty understanding data requirements,Unclear definitions,Tight timelines",-,Conflicting information and process regarding Service Inventory data requirements and Critical Services requirements continues to be a challenge.
21-02-f905,2025-02-21T12:27:09.131Z,Public Services and Procurement Canada,Other ,21–50,21-40 hours,3-4 weeks,No,-,"Drop-in sessions,GC Service Community GCXchange page",Strongly agree,Excellent,Excellent,Excellent,"Clear instructions,Availability of support from service team,Ease of logging in/accessing open portal,Easy to use open portal,Ease of uploading data,Ease in requesting new service ID/service standard ID,Helpful drop-in sessions,Accurate and helpful data dictionary,Easy to use service inventory data collection template",-,Not applicable,-,-
27-02-1977,2025-02-27T18:29:51.998Z,Social Sciences and Humanities Research Council,Other ,2–5,Over 60 hours,More than 4 weeks ,Yes,Somewhat disagree,"Integrated Call Letter,Drop-in sessions,GC Service Community GCXchange page,Service Policy generic inbox,Data dictionary on Open Government registry ",Strongly disagree,Neutral,Fair,Good,"Accurate and helpful data dictionary,Helpful drop-in sessions",-,Difficulty understanding data requirements,-,"The process seems to be designed for tangible services and it is difficult to apply it to grants and scholarships.  Furthermore, the information is provided in November but it takes months to see it on gcinfobase.  Any correction to be made is then difficult and complicated."
26-02-8def,2025-02-26T19:24:32.634Z,Canadian Heritage,Planning analyst,21–50,Over 60 hours,2-3 weeks,Yes,Strongly disagree,"Integrated Call Letter,Drop-in sessions,GC Service Community GCXchange page,Policy on Service and Digital and related instruments,Service Policy generic inbox,Data dictionary on Open Government registry ,Open Government registry operations guides,Talking to colleagues who had worked on the process before",Somewhat agree,Poor,Good,Poor,Other,My personal knowledge and experience with the process helped me get through it. ,"Unclear definitions,Challenges using portal,Challenges with requesting new Service ID/service standard ID,Issues with the service inventory data collection template,Other",Someone of authority should be providing/leading the drop-in sessions. Translations of the data dictionary are poor. The data dictionary still includes many questions that are no longer required.  Excel template was very difficult to use (coding not useful). Changing reporting portals every year is challenging.   ,Process used to communicate critical errors was very confusing and created panic at senior management levels. Minor errors should not have been included especially when these can not be addressed at this time.  Titan was the preferred portal for data entry as it was easy to use and errors were communicated immediately through the portal. 
28-02-697a,2025-02-28T20:28:01.314Z,Immigration and Refugee Board of Canada,Planning analyst,2–5,Over 60 hours,2-3 weeks,Yes,Somewhat agree,"Drop-in sessions,GC Service Community GCXchange page,Policy on Service and Digital and related instruments,Data dictionary on Open Government registry ,Service Policy generic inbox,Talking to colleagues who had worked on the process before,Integrated Call Letter",Strongly agree,Excellent,Neutral,Neutral,"Availability of support from service team,Ease of logging in/accessing open portal,Easy to use open portal,Ease of uploading data,Accurate and helpful data dictionary,Easy to use service inventory data collection template",-,"Difficulty understanding data requirements,Unclear definitions,Challenges with requesting new Service ID/service standard ID",-,"Not ideal that departments had to correct errors in service ID assignments caused by TBS after they had submitted their Service Inventory for 2023-2024. Also, it was difficult to get a response from the Service Policy inbox on what the best path forward was for addressing a data display error for service data on Infobase. On other issues, they were very responsive."
27-02-bc16,2025-02-27T17:18:18.900Z,Impact Assessment Agency of Canada,Planning analyst,21–50,Over 60 hours,2-3 weeks,Yes,Somewhat disagree,"Drop-in sessions,Policy on Service and Digital and related instruments,Service Policy generic inbox,Data dictionary on Open Government registry ",Somewhat agree,Poor,Good,Good,"Availability of support from service team,Ease of uploading data,Helpful drop-in sessions",-,"Unclear definitions,Difficulty understanding data requirements,Challenges using portal,Tight timelines,Issues with the service inventory data collection template,Challenges with requesting new Service ID/service standard ID",-,-
27-02-9ec2,2025-02-27T20:50:18.591Z,Impact Assessment Agency of Canada,Planning analyst,2–5,41-60 hours,1-2 weeks,Yes,Neutral,"Policy on Service and Digital and related instruments,Talking to colleagues who had worked on the process before,Service Policy generic inbox,Data dictionary on Open Government registry ",Somewhat agree,Fair,Not applicable/did not contact the inbox,Did not attend,"Availability of support from service team,Ease of logging in/accessing open portal,Easy to use open portal",-,"Difficulty understanding data requirements,Unclear definitions,Issues with the service inventory data collection template,Tight timelines",-,-
13-02-73f5,2025-02-13T17:40:49.752Z,Office of the Superintendent of Financial Institutions,Planning analyst,21–50,21-40 hours,1-2 weeks,Yes,Neutral,"Integrated Call Letter,Drop-in sessions,GC Service Community GCXchange page,Service Policy generic inbox",Strongly agree,Excellent,Excellent,Excellent,"Clear instructions,Availability of support from service team,Ease of logging in/accessing open portal,Helpful drop-in sessions,Easy to use service inventory data collection template,Accurate and helpful data dictionary",-,Unclear definitions,-,Confusion with Critical Service and Non-critical services. To clarify the two reporting requirements or integrate them.
13-02-936c,2025-02-13T18:16:52.164Z,Patented Medicine Prices Review Board Canada,Planning analyst,2–5,11–20 hours,1-2 weeks,Yes,Somewhat agree,"Integrated Call Letter,Drop-in sessions,Service Policy generic inbox,Data dictionary on Open Government registry ",Somewhat agree,Excellent,Good,Neutral,"Ease of uploading data,Easy to use service inventory data collection template,Helpful drop-in sessions",-,Unclear definitions,-,-
13-02-b79e,2025-02-13T18:17:47.052Z,Public Service Commission of Canada,Planning analyst,2–5,21-40 hours,2-3 weeks,Yes,Somewhat disagree,"Integrated Call Letter,GC Service Community GCXchange page,Policy on Service and Digital and related instruments,Service Policy generic inbox,Open Government registry operations guides,Other resource",Somewhat agree,Fair,Good,Poor,Ease in requesting new service ID/service standard ID,-,"Difficulty understanding data requirements,Unclear definitions,Challenges accessing portal,Issues with the service inventory data collection template",-,Consistency of information related to GC Service Inventory does not always occur. Attempts to stay ahead of process is hard because of the constant changes in Service inventory process.
18-02-d3f7,2025-02-18T13:19:50.893Z,Royal Canadian Mounted Police,Planning analyst,21–50,Over 60 hours,More than 4 weeks ,Yes,Neutral,"Integrated Call Letter,Drop-in sessions,Data dictionary on Open Government registry ,Open Government registry operations guides,Talking to colleagues who had worked on the process before,GC Service Community GCXchange page,Service Policy generic inbox",Neutral,Fair,Good,Neutral,"Availability of support from service team,Helpful drop-in sessions,Ease of logging in/accessing open portal,Ease in requesting new service ID/service standard ID,Accurate and helpful data dictionary",-,"Challenges using portal,Issues with the service inventory data collection template,Tight timelines,Challenges accessing portal,Difficulty understanding data requirements",-,-
18-02-12d0,2025-02-18T14:29:22.357Z,Royal Canadian Mounted Police,Planning analyst,21–50,41-60 hours,More than 4 weeks ,Yes,Somewhat agree,"Integrated Call Letter,Drop-in sessions,GC Service Community GCXchange page,Policy on Service and Digital and related instruments,Service Policy generic inbox,Data dictionary on Open Government registry ",Neutral,Good,Good,Good,"Helpful drop-in sessions,Easy to use service inventory data collection template",-,"Challenges with requesting new Service ID/service standard ID,Tight timelines,Challenges using portal",-,-
18-02-08da,2025-02-18T20:38:50.470Z,Canada Border Services Agency,Policy analyst,50+,Over 60 hours,More than 4 weeks ,Yes,Strongly disagree,"Integrated Call Letter,Drop-in sessions,GC Service Community GCXchange page,Policy on Service and Digital and related instruments,Service Policy generic inbox,Data dictionary on Open Government registry ,Open Government registry operations guides,Talking to colleagues who had worked on the process before",Strongly agree,Excellent,Excellent,Good,"Clear instructions,Availability of support from service team,Ease of logging in/accessing open portal,Easy to use open portal,Ease of uploading data,Ease in requesting new service ID/service standard ID,Accurate and helpful data dictionary,Easy to use service inventory data collection template,Helpful drop-in sessions",-,Other,Is there another tool other than excel that could be explored to collect and submit the data e.g. GC Forms?,Thank you for the opportunity to provide feedback. We did incorporate some of the design elements from your excel template into our internal reports. 
14-02-6aba,2025-02-14T14:05:40.203Z,Canada Revenue Agency,Policy analyst,2–5,Not sure,More than 4 weeks ,Yes,Somewhat disagree,"Drop-in sessions,GC Service Community GCXchange page,Service Policy generic inbox,Open Government registry operations guides",Neutral,Good,Fair,Good,"Easy to use open portal,Helpful drop-in sessions",-,"Difficulty understanding data requirements,Unclear definitions,Challenges using portal,Issues with the service inventory data collection template,Tight timelines",-,"I think a debrief session with all participating departments could be worthwhile. Each penholder for their department can express what worked well and what did not. The survey won't capture the finer details.

For example, in our case there were numerous problems with the portal and the template because the character limit between English and French were identical. This prevented us from uploading or deleting our entries for quite some time. "
13-02-8e40,2025-02-13T17:40:34.868Z,Canadian Grain Commission,Policy analyst,11–20,41-60 hours,1-2 weeks,Yes,Strongly disagree,"Drop-in sessions,GC Service Community GCXchange page,Integrated Call Letter,Service Policy generic inbox,Data dictionary on Open Government registry ",Somewhat agree,Fair,Good,Good,"Availability of support from service team,Helpful drop-in sessions,Ease of uploading data",-,Other,Shift from EPM to excel template resulted in additional work to generate the spreadsheet,-
18-02-5ec9,2025-02-18T17:37:11.420Z,Canadian Northern Economic Development Agency,Policy analyst,2–5,21-40 hours,1-2 weeks,No,-,"GC Service Community GCXchange page,Other resource,Service Policy generic inbox,Talking to colleagues who had worked on the process before",Somewhat agree,Neutral,Excellent,Did not attend,"Availability of support from service team,Clear instructions,Easy to use open portal,Ease of uploading data,Accurate and helpful data dictionary,Easy to use service inventory data collection template,Other",Working group of RDA colleagues,Issues with the service inventory data collection template,-,-
21-02-9186,2025-02-21T05:44:04.501Z,Canadian Transportation Agency,Policy analyst,2–5,Over 60 hours,1-2 weeks,No,-,"Integrated Call Letter,Drop-in sessions,GC Service Community GCXchange page,Service Policy generic inbox,Policy on Service and Digital and related instruments,Data dictionary on Open Government registry ,Other resource",Somewhat disagree,Poor,Poor,Fair,Not applicable,-,"Difficulty understanding data requirements,Unclear definitions,Challenges accessing portal,Challenges using portal,Challenges with requesting new Service ID/service standard ID,Unable to attend drop in sessions,Issues with the service inventory data collection template,Tight timelines",-,"Instructions need to be more clear... There is no reference document or support materials to refer to. Very vague process which makes it difficult for someone to do this process for the first time, with no background whatsoever. "
13-02-8f00,2025-02-13T17:57:15.957Z,Correctional Service Canada,Policy analyst,11–20,Over 60 hours,3-4 weeks,Yes,Strongly disagree,"Integrated Call Letter,Drop-in sessions,GC Service Community GCXchange page,Policy on Service and Digital and related instruments,Service Policy generic inbox,Data dictionary on Open Government registry ,Talking to colleagues who had worked on the process before,Other resource",Somewhat disagree,Neutral,Fair,Good,"Ease of logging in/accessing open portal,Ease of uploading data,Helpful drop-in sessions",-,"Difficulty understanding data requirements,Unclear definitions,Tight timelines,Other,Issues with the service inventory data collection template,Unable to attend drop in sessions",Q&A sessions should be posted online after completion. New data requirements should be written and posted clearly on the GCXchange site. New instructions for templates need to be released earlier. The integrated call letter should be released earlier. Data relationships should be clearly explained as they are applied in GCepm for GCapm and critical service information and how service information needs to be correlated to the critical applications listed in apm and on the CBAS list.  Future dashboards utilizing service information should be openly shared so all departments can give feedback. ,"Any changes to data collection/ needs must be communicated officially from TBS prior to the data collection time period, it is not sufficient to ""mention it in a workshop"" and then implement the changes. Clear instructions as to how Deputy Head approval will be collected should be given, forwarding an email is not ideal. Any data definitions must be clearly defined prior to the collection period in order to maintain governance, being informed that there are new relational components after submission of the inventory is not sufficient."
13-02-7f32,2025-02-13T17:52:04.378Z,ESDC,Policy analyst,50+,Over 60 hours,More than 4 weeks ,No,-,"Drop-in sessions,GC Service Community GCXchange page,Policy on Service and Digital and related instruments",Neutral,Good,Not applicable/did not contact the inbox,Good,Not applicable,-,"Unclear definitions,Challenges using portal,Issues with the service inventory data collection template",-,-
13-02-3056,2025-02-13T18:13:26.215Z,Public Services and Procurement Canada,Policy analyst,50+,Over 60 hours,3-4 weeks,Yes,Somewhat agree,"Policy on Service and Digital and related instruments,Data dictionary on Open Government registry ,Talking to colleagues who had worked on the process before,Other resource,Drop-in sessions,Integrated Call Letter",Somewhat disagree,Poor,Good,Neutral,"Accurate and helpful data dictionary,Ease of logging in/accessing open portal",-,"Difficulty understanding data requirements,Unclear definitions,Issues with the service inventory data collection template,Tight timelines",-,-
14-02-54e6,2025-02-14T12:15:58.452Z,Canadian Intergovernmental Conference Secretariat,Program manager,1,11–20 hours,Less than one week,Yes,Somewhat agree,"Integrated Call Letter,GC Service Community GCXchange page,Data dictionary on Open Government registry ,Open Government registry operations guides",Neutral,Neutral,Not applicable/did not contact the inbox,Did not attend,"Ease of uploading data,Accurate and helpful data dictionary,Easy to use service inventory data collection template",-,Unclear definitions,-,-
27-02-49f7,2025-02-27T17:09:27.123Z,Federal Economic Development Agency for Northern Ontario,Program manager,1,11–20 hours,Less than one week,No,-,"Drop-in sessions,GC Service Community GCXchange page,Policy on Service and Digital and related instruments,Service Policy generic inbox,Data dictionary on Open Government registry ,Open Government registry operations guides,Talking to colleagues who had worked on the process before",Strongly agree,Excellent,Excellent,Excellent,"Availability of support from service team,Ease of logging in/accessing open portal,Easy to use open portal,Ease of uploading data,Easy to use service inventory data collection template,Helpful drop-in sessions",-,Unclear definitions,-,"I appreciated the drop-in sessions. Extremely helpful. Instructions pertaining to the IDs and what to include was not clear; however, easily rectified through the drop in sessions."
27-02-c578,2025-02-27T18:39:38.433Z,Women and Gender Equality Canada,Program manager,11–20,41-60 hours,2-3 weeks,No,-,"Integrated Call Letter,Drop-in sessions,GC Service Community GCXchange page,Policy on Service and Digital and related instruments,Service Policy generic inbox,Data dictionary on Open Government registry ,Open Government registry operations guides,Talking to colleagues who had worked on the process before",Somewhat agree,Good,Good,Good,"Clear instructions,Availability of support from service team,Ease of logging in/accessing open portal,Easy to use open portal,Ease of uploading data,Accurate and helpful data dictionary,Easy to use service inventory data collection template,Helpful drop-in sessions",-,Unclear definitions,-,"Being the first time my unit to conduct the Service inventory on behalf of WAGE, it required transfer of knowledge  that took extra work and time.  As mention higher up , the understanding of the definition was sometime challenging, the support given by TBS was required and appreciated."
17-02-fa8a,2025-02-17T14:44:51.748Z,Canadian Nuclear Safety Commission,Results analyst,21–50,41-60 hours,Less than one week,Yes,Neutral,"Integrated Call Letter,Drop-in sessions,Policy on Service and Digital and related instruments",Somewhat agree,Good,Good,Good,"Ease of logging in/accessing open portal,Easy to use open portal,Helpful drop-in sessions",-,Not applicable,-,No
27-02-45a9,2025-02-27T19:47:07.645Z,"Immigration, Refugees and Citizenship Canada",Results analyst,2–5,Over 60 hours,1-2 weeks,Yes,Strongly agree,"Integrated Call Letter,Drop-in sessions,Policy on Service and Digital and related instruments,Data dictionary on Open Government registry ,Talking to colleagues who had worked on the process before,GC Service Community GCXchange page",Strongly agree,Good,Fair,Good,"Clear instructions,Availability of support from service team,Ease of logging in/accessing open portal,Easy to use open portal,Ease in requesting new service ID/service standard ID,Accurate and helpful data dictionary,Easy to use service inventory data collection template",-,"Difficulty understanding data requirements,Unclear definitions,Challenges using portal,Tight timelines",-,"The open data portal service list isn't captured in the search tool from gc.ca. It's incredibly difficult to find the information we presented from the GC site.

IN order to access it we had to use Google. "
18-02-e1a4,2025-02-18T19:38:16.105Z,Les Commissariats à l’information et à la protection de la vie privée du Canada,Results analyst,6–10,5-10 hours,1-2 weeks,Oui,Somewhat agree,"Séances d'information,Page GCÉchange de la communauté de service du GC",Somewhat agree,Fair,Fair,Good,"Availability of support from service team,Helpful drop-in sessions",-,"Difficulty understanding data requirements,Challenges using portal",-,"Malgré une certaine amélioration, le dictionnaire des données  (fichier Excel) est loin de faire l'unanimité auprès des gestionnaires de services pour la collecte d'informations. 

L'égalité des langues officielles doit être assurée dans toutes les communications et tous les documents de travail et de référence. "
24-02-77a8,2025-02-24T16:16:48.871Z,National Research Council Canada,Results analyst,21–50,Over 60 hours,3-4 weeks,Yes,Somewhat agree,"Integrated Call Letter,Drop-in sessions,GC Service Community GCXchange page,Policy on Service and Digital and related instruments,Service Policy generic inbox,Talking to colleagues who had worked on the process before",Somewhat agree,Fair,Poor,Fair,"Not applicable,Other",I liked the GC Service Community GCXchange page,"Unclear definitions,Challenges accessing portal,Other",Communication on the overall purpose of the reporting exercise; Changing requirements and definitions,-
13-02-c5a3,2025-02-13T17:47:53.156Z,Polar Knowledge Canada,Results analyst,11–20,41-60 hours,1-2 weeks,Yes,Strongly agree,"Drop-in sessions,Integrated Call Letter,GC Service Community GCXchange page",Somewhat agree,Good,Good,Excellent,"Clear instructions,Availability of support from service team,Ease of logging in/accessing open portal,Easy to use open portal,Ease of uploading data,Ease in requesting new service ID/service standard ID,Helpful drop-in sessions,Easy to use service inventory data collection template",-,Not applicable,-,Strongly support the move from Clarity. Would encourage updates to the GC Service Community page for ease of use and finding information.
27-02-57b8,2025-02-27T20:05:14.955Z,Canada Energy Regulator,Service departmental lead,21–50,Over 60 hours,More than 4 weeks ,Yes,Strongly disagree,"Integrated Call Letter,Drop-in sessions,Data dictionary on Open Government registry ,Open Government registry operations guides,Talking to colleagues who had worked on the process before",Somewhat agree,Good,Not applicable/did not contact the inbox,Good,"Clear instructions,Availability of support from service team,Accurate and helpful data dictionary,Easy to use service inventory data collection template,Helpful drop-in sessions",-,Other,"There were a number of errors identified following submission, and it was not clear what the error related to or how to resolve them.","There has been a different submission process every year for the past three years (e.g., Excel spreadsheet submission by email, submission in Clarity only, Excel spreadsheet loaded to Open Gov Portal, etc.). It would be really helpful to establish a consistent process so that it becomes less burdensome, because very time the process changes, we have to devote additional hours to learn the new process, and then adapt our own internal processes. Thanks so much for considering. :)"
28-02-5d61,2025-02-28T13:41:59.120Z,Canadian Human Rights Commission,Service departmental lead,11–20,21-40 hours,1-2 weeks,No,-,"Integrated Call Letter,Drop-in sessions,GC Service Community GCXchange page,Policy on Service and Digital and related instruments,Service Policy generic inbox,Data dictionary on Open Government registry ",Strongly agree,Excellent,Excellent,Good,"Clear instructions,Availability of support from service team,Ease of logging in/accessing open portal,Easy to use open portal,Ease of uploading data,Ease in requesting new service ID/service standard ID,Accurate and helpful data dictionary,Easy to use service inventory data collection template,Helpful drop-in sessions",-,Tight timelines,-,-
27-02-8dbd,2025-02-27T18:13:04.842Z,Department of Finance Canada,Service departmental lead,21–50,Over 60 hours,1-2 weeks,Yes,Somewhat disagree,"Integrated Call Letter,Drop-in sessions,Policy on Service and Digital and related instruments,Service Policy generic inbox,Data dictionary on Open Government registry ,Open Government registry operations guides,Talking to colleagues who had worked on the process before",Strongly agree,Good,Good,Good,"Availability of support from service team,Ease of logging in/accessing open portal,Easy to use open portal,Ease of uploading data,Accurate and helpful data dictionary,Helpful drop-in sessions",-,"Unclear definitions,Other,Tight timelines",You need to be proficient at EXCEL to manipulate the service inventory data collection template. The format is not user friendly and so we felt compelled to put it in a different format to gather information from service leads across the organization and to seek approval from our Deputies on the substance of the update. We then manually converted the data back into the TBS template so we could do the upload. This adds extra effort and time to the process. ,-
18-02-74d1,2025-02-18T19:59:42.198Z,Employment and Social Development Canada,Service departmental lead,50+,Over 60 hours,3-4 weeks,Yes,Strongly disagree,"Integrated Call Letter,Drop-in sessions,GC Service Community GCXchange page,Policy on Service and Digital and related instruments,Service Policy generic inbox,Data dictionary on Open Government registry ",Somewhat agree,Poor,Good,Good,"Ease in requesting new service ID/service standard ID,Helpful drop-in sessions",-,"Difficulty understanding data requirements,Unclear definitions,Issues with the service inventory data collection template,Tight timelines,Other","While not 'tight timelines' modifying the template throughout the process, caused major delays."," Key Areas for Consideration
1. Service Inventory Reporting Requirements
•	The introduction of new fields (e.g., ‘Automated Decision-Making’ and ‘Program ID Code’) brought some challenges in ensuring accurate completion.
•	Certain definitions, such as ""Is the service supported by automated decision-making,"" could benefit from greater clarity to facilitate consistent interpretation across departments.
•	Multiple updates to reporting requirements this year necessitated repeated adjustments, resulting in a time-consuming and intensive process.
2. Service Inventory Process and the New Template
•	The new template was provided later than in previous years, which made it difficult to integrate into existing workflows.
•	Mid-cycle modifications to the template resulted in inconsistencies and required additional rework.
•	The template’s format, particularly the lack of pre-populated data, increased manual effort and complexity.
•	Given these challenges, ESDC had to rely on its previous template and manually align the data, which significantly increased workload.
•	We don’t think that backlogs information should have been removed from the template.
•	We don’t think that the last year for review of service standards should have been removed from the template. 
3. Transition to the Open Government Portal
•	While the transition was intended to streamline the process, it introduced additional complexity, requiring time and technical knowledge to navigate.
•	Questions related to registration and account setup had to be addressed by a separate TBS team, which led to confusion.
•	A technical issue caused by the transition to Open Gov prevented our Inventory from being uploaded by the November 30 deadline, putting our submission at risk.
•	There should have been more testing with departments or a pilot. 
4. TBS List of Reporting Issues (critical and minor)
•	Many of the flagged errors stemmed from the limitations of the quality control script, which does not account for contextual explanations provided in non-standard responses.
•	Of the 29 reporting issues ESDC received, the majority were minor technical issues rather than substantive errors.
•	In some cases, flagged errors related to application volume reporting were not applicable to certain services, highlighting the need for a broader metric that captures the full scope of service interactions.
•	However, the most recent issue with Program ID codes reveled some errors in the Inventory that we were unaware of. Since the request to add a program ID code was new, and our templates were not pre-populated, we were unsure whether we had selected the correct program codes. It was only after receiving a message from TBS that we realized we had used the wrong ID code for a new service. As a result, we reached out to find a responsible Branch within ESDC to review and validate all program codes to identify any potential mistakes which, as it turned out, we had made.
To help improve the Service Inventory process in the future, we would like to share the following recommendations for your consideration:
•	Providing the Service Inventory reporting requirements and updated templates by May each year would allow departments sufficient time for adjustments and the implementation of new requirements.
•	The template should be pre-populated with previous submissions to minimize manual entry and the risk of errors. It should also allow for flexible data entry, including non-standard responses.
•	Departments should have sufficient time to test new platforms and templates before the final submission deadline. A pilot testing phase could help in identifying potential issues early.
•	The system should flag errors immediately during data entry would help prevent last-minute corrections.
•	TBS should reconsider the restriction of volumetric reporting to ""applications"" and introduce a broader metric that reflects the full scope of service delivery activities.
•	When transitioning from one platform or the system (e.g. GC EPM to Open Government Portal) a comprehensive training and guidance would help departments adapt efficiently.
We recognize the complexities involved in refining the Service Inventory process and appreciate the steps TBS has already taken to improve it. We hope these suggestions will contribute to a more streamlined and user-friendly experience moving forward.
Thank you for your time and consideration. We look forward to continued collaboration on these improvements.

"
13-02-b56d,2025-02-13T18:00:09.861Z,Global Affairs Canada,Service departmental lead,50+,41-60 hours,More than 4 weeks ,Yes,Somewhat agree,"Integrated Call Letter,Drop-in sessions,GC Service Community GCXchange page,Service Policy generic inbox,Policy on Service and Digital and related instruments",Neutral,Fair,Neutral,Neutral,"Availability of support from service team,Clear instructions,Ease of uploading data",-,"Difficulty understanding data requirements,Challenges with requesting new Service ID/service standard ID,Issues with the service inventory data collection template",-,-
19-02-50ec,2025-02-19T20:41:28.120Z,Indigenous Services Canada,Service departmental lead,21–50,21-40 hours,2-3 weeks,Yes,Somewhat agree,"Integrated Call Letter,GC Service Community GCXchange page,Data dictionary on Open Government registry ,Drop-in sessions",Strongly agree,Good,Excellent,Good,"Availability of support from service team,Ease of logging in/accessing open portal,Easy to use open portal,Ease of uploading data,Ease in requesting new service ID/service standard ID,Clear instructions,Accurate and helpful data dictionary,Easy to use service inventory data collection template,Helpful drop-in sessions",-,-,-,"The sooner we receive confirmation of any new or changed data fields related to the Service Inventory, the better prepared we are to start communicating with Service Management Representatives to gather their service area updates. Our team has been working to integrate the annual update into other reporting frameworks, so the more time we have, the better we can ensure alignment across all areas. Thanks to the Service Team at TBS for all their support."
24-02-6494,2025-02-24T21:56:22.416Z,National Research Council Canada,Service departmental lead,21–50,Over 60 hours,3-4 weeks,Yes,Neutral,"Integrated Call Letter,Drop-in sessions,GC Service Community GCXchange page,Talking to colleagues who had worked on the process before",Somewhat disagree,Neutral,Poor,Fair,Not applicable,-,"Challenges accessing portal,Challenges using portal,Challenges with requesting new Service ID/service standard ID,Issues with the service inventory data collection template,Unclear definitions,Difficulty understanding data requirements,Other","follow up on ""critical issues"" with service inventory was very confusing, far too many emails, raising alarms about not significant issues and lack of common sense and judgment around what was actually meant to be reported and achieved with the process.","There is very unclear expectations about service reporting for the future, including its exclusion from requirements for the upcoming DPSD. I have sent emails to the service and digital mailbox without response and have now included the service policy mailbox as well."
28-02-1dec,2025-02-28T17:38:04.203Z,Veterans Affairs Canada,Service departmental lead,2–5,Over 60 hours,2-3 weeks,No,-,"Integrated Call Letter,Drop-in sessions,GC Service Community GCXchange page,Policy on Service and Digital and related instruments,Talking to colleagues who had worked on the process before",Somewhat agree,Fair,Good,Good,"Availability of support from service team,Easy to use open portal,Ease of uploading data,Helpful drop-in sessions",-,Issues with the service inventory data collection template,-,"The data collection template caused the most frustration.  The color coding when entering data, for instance, made certain areas appear as 'not required' due to the dark coloring, which led to confusion."
24-02-a891,2025-02-24T18:07:30.612Z,Canadian Food Inspection Agency,Service manager,2–5,Over 60 hours,1-2 weeks,Yes,Somewhat disagree,"GC Service Community GCXchange page,Drop-in sessions,Open Government registry operations guides,Data dictionary on Open Government registry ",Somewhat agree,Good,Fair,Good,"Ease of logging in/accessing open portal,Easy to use open portal,Ease of uploading data,Availability of support from service team",-,Challenges with requesting new Service ID/service standard ID,-,-
28-02-4c97,2025-02-28T19:51:23.003Z,Civilian Review and Complaints Commission for the RCMP,Service manager,11–20,11–20 hours,1-2 weeks,No,-,"Integrated Call Letter,Drop-in sessions,GC Service Community GCXchange page,Service Policy generic inbox,Open Government registry operations guides,Talking to colleagues who had worked on the process before",Somewhat agree,Excellent,Good,Good,"Ease of logging in/accessing open portal,Availability of support from service team,Ease of uploading data,Easy to use service inventory data collection template,Helpful drop-in sessions",-,Other,I feel an FAQ could have helped answer many questions. Maybe a quick video (CSPS training style video) could easily explain all about this particular exercise. ,"Having been my first time completing the service inventory, it was extremely unclear from the beginning whether this was a reporting or a planning exercise. "
14-02-6625,2025-02-14T15:12:55.906Z,Department of Justice Canada,Service manager,2–5,21-40 hours,More than 4 weeks ,Yes,Neutral,"Drop-in sessions,GC Service Community GCXchange page,Service Policy generic inbox,Talking to colleagues who had worked on the process before",Somewhat agree,Neutral,Good,Good,"Availability of support from service team,Easy to use open portal,Ease of uploading data,Ease in requesting new service ID/service standard ID,Helpful drop-in sessions",-,Difficulty understanding data requirements,-,"Stakeholders/service owners most often see this exercise as a tick in the box and don't understand its importance, and we struggle explaining it to them. A few key messages around the ""Why SIU and why it is important"" would be helpful."
24-02-5116,2025-02-24T16:22:41.625Z,Federal Economic Development Agency for Southern Ontario,Service manager,2–5,21-40 hours,1-2 weeks,No,-,"Integrated Call Letter,GC Service Community GCXchange page,Policy on Service and Digital and related instruments,Data dictionary on Open Government registry ,Talking to colleagues who had worked on the process before,Service Policy generic inbox",Strongly agree,Good,Excellent,Did not attend,"Clear instructions,Availability of support from service team,Ease of uploading data",-,"Unclear definitions,Issues with the service inventory data collection template",-,-
20-02-f937,2025-02-20T16:58:47.464Z,Public Services and Procurement Canada,Service manager,21–50,Over 60 hours,More than 4 weeks ,Yes,Strongly disagree,"Integrated Call Letter,Drop-in sessions,GC Service Community GCXchange page,Service Policy generic inbox,Data dictionary on Open Government registry ,Other resource",Somewhat agree,Poor,Good,Good,"Helpful drop-in sessions,Availability of support from service team",-,"Tight timelines,Other,Difficulty understanding data requirements","TBS call out are coming way too late in the process (around mid-end of Sept) and requiring DM approval a months later and data entry 7 weeks after. The call out comes with surprises with unexpected changes which messes up with current internal call out. Deadline are too tight, and changes of requirements are communicated too late. Solution: 1. Have call out ready by latest May with clear requirements and deadlines. 2. Maintain Drop in sessions throughout the summer. It is frustrating getting TBS call out in Sept, this has been happening since 2020, could we improve process please. It will facilitate our work. Also call out keep changing from one year to another, we are ok with that but then again finalize it by May and then no mroe last minute change like we have experiences last time (some columns were removed and we needed to add two more... unacceptable request, unrealistic and disrepectful). Please consider impact on any changes or last minute changes on departments and agencies. Respect the fact that we need at least 5 months to get a request like this to be completed on our end.","same as #question 13. Improve TBS processes, call out and please no last minute changes. No more call out in Sept. Get organized and have it sent out to us by no later than May. Get started now please. This experience needs to change and be better, it has been the same since 2020. Thank you."
13-02-ba86,2025-02-13T18:41:54.201Z,Statistics Canada,Service manager,2–5,41-60 hours,Less than one week,Yes,Somewhat agree,"Integrated Call Letter,GC Service Community GCXchange page,Data dictionary on Open Government registry ",Somewhat agree,Good,Neutral,Fair,"Ease of logging in/accessing open portal,Easy to use open portal,Ease of uploading data,Accurate and helpful data dictionary,Easy to use service inventory data collection template",-,"Difficulty understanding data requirements,Issues with the service inventory data collection template",-,"1) Conflicting messages between instructions received via email and on the portal and the messages we received during the drop-in sessions; 2) lack of awareness that a zero value IS a value; 3) there was a bug in the template that we had to first identify and then ""fix"" - upload of a single document impossible; had to manually enter one service - after which the rest of the services could be uploaded.   Fortunately I drew heavily on my experience using the OGP for consultations and was able to resolve 4) receiving notifications that some aspects of our submission were ""incorrect"" EVEN THOUGH they were verified and accepted by OGP program the week before most Deputy Heads took off for the Christmas break was very frustrating - especially when we still didn't receive clarity during a Dec. 16th meeting"
13-02-d6e6,2025-02-13T19:56:10.095Z,Agence spatiale canadienne,Service official,11–20,Over 60 hours,More than 4 weeks ,Oui,Somewhat disagree,"Lettre d'appel intégrée,Séances d'information,Boîte de réception générique de la Politique sur les services,Dictionnaire de données du registre du gouvernement ouvert ,Autre ressource",Somewhat agree,Fair,Neutral,Good,"Availability of support from service team,Ease in requesting new service ID/service standard ID,Helpful drop-in sessions",-,"Issues with the service inventory data collection template,Tight timelines,Other,Unclear definitions,Difficulty understanding data requirements",The error messages and some definitions in the file aren't clear with providing details on how to make corrections on your own. Not intuitive,"We need to be informed way earlier in the process when changes are coming so we can adequately prepare ourselves and non- service colleagues who will be involved in the NEW process. The call letter should be sent in spring to allow more time and more realistic timeframe to complete the exercise and correct errors, if needed."
14-02-4983,2025-02-14T15:33:34.892Z,Agriculture and Agri Food Canada,Service official,21–50,Over 60 hours,More than 4 weeks ,Yes,Somewhat agree,"Integrated Call Letter,Drop-in sessions,GC Service Community GCXchange page,Service Policy generic inbox,Data dictionary on Open Government registry ,Talking to colleagues who had worked on the process before",Strongly agree,Good,Good,Good,"Availability of support from service team,Ease of uploading data,Accurate and helpful data dictionary,Easy to use service inventory data collection template,Helpful drop-in sessions",-,"Challenges accessing portal,Challenges using portal,Other","Timing of information; initial meetings had missing information that was indicated it would come later (i.e., date integrated call letter would be sent)",The process is better using the Open Government Portal though the Business Continuity Information that was removed and handle through the Security team did cause confusion.  More clear instruction on how to use the Portal and putting more user related information on the GC Exchange site.   Organize the structure of information on the GC Exchange site better so it can be found more easily. 
13-02-0e28,2025-02-13T17:29:43.269Z,Courts Administration Service,Service official,21–50,Over 60 hours,1-2 weeks,Yes,Somewhat agree,"Integrated Call Letter,Drop-in sessions,GC Service Community GCXchange page,Policy on Service and Digital and related instruments,Data dictionary on Open Government registry ,Talking to colleagues who had worked on the process before",Somewhat agree,Excellent,Excellent,Excellent,"Ease of logging in/accessing open portal,Easy to use open portal,Ease of uploading data,Ease in requesting new service ID/service standard ID,Accurate and helpful data dictionary,Easy to use service inventory data collection template,Helpful drop-in sessions",-,Difficulty understanding data requirements,-,-
28-02-ac30,2025-02-28T16:23:26.777Z,"Immigration, Refugees and Citizenship Canada",Service official,11–20,Over 60 hours,2-3 weeks,Yes,Neutral,"Integrated Call Letter,Drop-in sessions,GC Service Community GCXchange page,Policy on Service and Digital and related instruments,Talking to colleagues who had worked on the process before",Neutral,Not sure,Neutral,Fair,-,-,"Difficulty understanding data requirements,Unclear definitions,Challenges accessing portal,Challenges using portal,Issues with the service inventory data collection template",-,-
27-02-ab86,2025-02-27T17:18:22.168Z,Impact Assessment Agency of Canada,Service official,21–50,Over 60 hours,2-3 weeks,Yes,Somewhat disagree,"Drop-in sessions,Integrated Call Letter,Policy on Service and Digital and related instruments,Service Policy generic inbox,Data dictionary on Open Government registry ",Not applicable,Poor,Not applicable/did not contact the inbox,Did not attend,Ease of uploading data,-,"Unclear definitions,Issues with the service inventory data collection template,Tight timelines,Challenges with requesting new Service ID/service standard ID,Difficulty understanding data requirements,Challenges using portal",-,-
25-02-ed55,2025-02-25T21:08:33.668Z,Infrastructure Canada,Service official,21–50,11–20 hours,3-4 weeks,Yes,Neutral,"Integrated Call Letter,Drop-in sessions,GC Service Community GCXchange page,Policy on Service and Digital and related instruments,Service Policy generic inbox,Data dictionary on Open Government registry ,Open Government registry operations guides,Other resource",Somewhat agree,Poor,Good,Excellent,"Availability of support from service team,Ease of logging in/accessing open portal,Accurate and helpful data dictionary,Helpful drop-in sessions",-,"Challenges using portal,Challenges with requesting new Service ID/service standard ID,Issues with the service inventory data collection template",-,-
27-02-7b2d,2025-02-27T17:48:12.595Z,Infrastructure Canada,Service official,2–5,41-60 hours,3-4 weeks,Yes,Neutral,"Drop-in sessions,Service Policy generic inbox,Integrated Call Letter,GC Service Community GCXchange page,Policy on Service and Digital and related instruments",Somewhat agree,Good,Good,Good,"Availability of support from service team,Easy to use service inventory data collection template,Clear instructions",-,Not applicable,-,No
13-02-b85f,2025-02-13T17:32:01.424Z,Natural Sciences and Engineering Research Council of Canada,Service official,50+,Over 60 hours,More than 4 weeks ,Yes,Somewhat disagree,"Drop-in sessions,GC Service Community GCXchange page,Service Policy generic inbox,Data dictionary on Open Government registry ,Open Government registry operations guides,Other resource",Somewhat agree,Good,Neutral,Neutral,"Ease of uploading data,Accurate and helpful data dictionary,Easy to use service inventory data collection template,Availability of support from service team,Easy to use open portal,Ease of logging in/accessing open portal,Helpful drop-in sessions",-,"Unclear definitions,Challenges with requesting new Service ID/service standard ID,Unable to attend drop in sessions,Tight timelines",-,"It would be helpful if the data dictionary could be finalized sooner. I don't like to request information until it's been approved, and as a result, I've been receiving complaints that I'm not giving people enough time to prepare their data."
13-02-4c98,2025-02-13T22:28:31.871Z,Public Safety Canada,Service official,21–50,Over 60 hours,1-2 weeks,Yes,Strongly disagree,Integrated Call Letter,Somewhat agree,Neutral,Fair,Fair,Not applicable,-,Unclear definitions,-,-
27-02-75bf,2025-02-27T18:39:44.466Z,Women and Gender Equality Canada,Service official,11–20,41-60 hours,2-3 weeks,No,-,"Integrated Call Letter,Drop-in sessions,GC Service Community GCXchange page,Policy on Service and Digital and related instruments,Service Policy generic inbox,Data dictionary on Open Government registry ,Open Government registry operations guides,Talking to colleagues who had worked on the process before",Somewhat agree,Good,Good,Good,"Clear instructions,Availability of support from service team,Ease of logging in/accessing open portal,Easy to use open portal,Ease of uploading data,Accurate and helpful data dictionary,Easy to use service inventory data collection template,Helpful drop-in sessions",-,Unclear definitions,-,"As it was the first time for our unit to conduct the Service Inventory exercise on behalf of our department, it required extra time for transfer of knowledge and learning about the TBS requirements and process. As mentioned above, understanding the definitions of what was required in the data collection templates were a bit of a challenge, but the support provided by TBS was very helpful and much appreciated."
